txn_id,txn_date,txn_time,vendor,vehicle_id,driver_id,gallons,unit_cost,total_cost,pos_odometer,gps_odometer,pump_lat,pump_lon,gps_lat,gps_lon
500001,2026-03-04,08:44,Love's,TRK-4400,D-100,62.2,4.133,257.1,386455,386452,32.6923,-96.8214,32.6888,-96.8161
500002,2026-03-06,15:40,Pilot,TRK-4400,D-100,91.5,3.873,354.39,387119,387125,40.4308,-79.9436,40.4297,-79.952
500003,2026-03-09,06:47,Love's,TRK-4400,D-100,71.0,3.985,282.92,387659,387654,39.1058,-84.4891,39.1145,-84.4868
500004,2026-03-11,19:33,PetroPass,TRK-4400,D-100,69.1,3.902,269.63,388199,388191,35.0681,-90.0138,35.083,-90.0224
500005,2026-03-14,19:02,FleetOne,TRK-4400,D-100,70.7,4.057,286.81,388684,388685,41.6397,-93.6174,41.635,-93.6089
500006,2026-03-16,11:10,FleetOne,TRK-4400,D-100,56.5,3.971,224.38,389086,389083,39.0786,-84.4921,39.0849,-84.4952
500007,2026-03-17,12:14,FleetOne,TRK-4400,D-100,58.2,4.023,234.14,389534,389528,43.5765,-79.5994,43.5813,-79.5949
500008,2026-03-18,10:46,FleetOne,TRK-4400,D-100,60.1,3.733,224.35,390012,390001,41.8501,-87.58,41.8411,-87.5838
500009,2026-03-20,08:27,Pilot,TRK-4400,D-100,54.4,3.808,207.13,390399,390397,32.683,-96.758,32.6658,-96.7536
500010,2026-03-22,08:29,PetroPass,TRK-4400,D-100,65.8,3.985,262.21,390885,390884,41.9801,-87.612,41.9699,-87.6102
500011,2026-03-23,06:09,Pilot,TRK-4400,D-100,76.3,3.772,287.78,391401,391396,41.868,-87.6463,41.8641,-87.6601
500012,2026-03-25,21:19,TA/Petro,TRK-4400,D-100,54.8,4.076,223.35,391787,391784,42.0457,-87.5793,42.0358,-87.6006
500013,2026-03-26,10:14,Love's,TRK-4400,D-100,58.6,4.11,240.84,392205,392209,35.1079,-90.0079,35.0975,-90.0247
500014,2026-03-29,13:48,Pilot,TRK-4400,D-100,89.3,4.097,365.9,392842,392848,35.0408,-90.0483,35.0335,-90.027
500015,2026-04-01,21:09,Pilot,TRK-4400,D-100,79.8,3.927,313.34,393402,393412,41.898,-87.6327,41.9024,-87.6373
500016,2026-04-03,17:44,FleetOne,TRK-4400,D-100,87.1,3.932,342.49,394038,394034,43.6653,-79.589,43.6612,-79.578
500017,2026-04-04,10:59,Love's,TRK-4400,D-100,47.8,4.198,200.65,394395,394404,41.9862,-87.609,41.9824,-87.5944
500018,2026-04-05,20:41,Love's,TRK-4400,D-100,61.7,3.925,242.2,394848,394849,40.4704,-79.9955,40.4768,-80.016
500019,2026-04-07,16:18,Pilot,TRK-4400,D-100,54.8,4.087,223.99,395258,395250,35.0337,-89.9985,35.0288,-90.0017
500020,2026-04-09,08:35,PetroPass,TRK-4400,D-100,62.5,3.916,244.78,395736,395716,35.1088,-90.0542,35.1097,-90.0519
500021,2026-04-11,14:45,Love's,TRK-4400,D-100,58.5,3.861,225.89,396153,396170,40.4158,-79.9397,40.4085,-79.9462
500022,2026-04-14,21:06,Pilot,TRK-4400,D-100,57.4,3.936,225.92,396617,396602,40.3266,-79.8935,40.3138,-79.9045
500023,2026-04-16,08:27,PetroPass,TRK-4400,D-100,63.1,4.209,265.61,397046,397049,43.5507,-79.6123,43.5584,-79.6079
500024,2026-04-17,17:52,Love's,TRK-4400,D-100,62.8,3.985,250.25,397508,397508,41.6236,-93.5494,41.6251,-93.5458
500025,2026-04-18,06:24,Pilot,TRK-4400,D-100,70.3,4.264,299.76,398026,398016,41.6787,-93.5807,41.671,-93.5918
500026,2026-04-21,19:32,FleetOne,TRK-4400,D-100,46.9,4.018,188.45,398338,398339,42.2764,-82.9868,42.2769,-82.9897
500027,2026-04-23,09:20,FleetOne,TRK-4400,D-100,74.1,3.914,290.06,398954,398952,35.1088,-89.9852,35.1051,-90.0028
500028,2026-04-26,13:32,Pilot,TRK-4400,D-100,76.2,3.941,300.29,399519,399509,42.2833,-82.935,42.2891,-82.9177
500029,2026-04-28,19:55,PetroPass,TRK-4400,D-100,75.1,3.905,293.3,400035,400029,41.6033,-93.6349,41.6132,-93.6467
500030,2026-04-29,13:46,Pilot,TRK-4400,D-100,84.4,4.223,356.43,400626,400614,35.0214,-90.0033,35.0097,-90.0085
500031,2026-05-02,14:43,Love's,TRK-4400,D-100,54.1,3.767,203.82,400985,401003,41.5664,-93.5844,41.578,-93.5783
500032,2026-05-05,20:46,FleetOne,TRK-4400,D-100,77.6,3.64,282.5,401527,401520,42.3295,-83.0791,42.3443,-83.0754
500033,2026-05-06,20:33,TA/Petro,TRK-4400,D-100,81.0,3.985,322.8,402099,402096,32.7135,-96.8432,32.712,-96.8447
500034,2026-05-09,19:57,TA/Petro,TRK-4400,D-100,69.9,3.838,268.31,402572,402565,40.4101,-79.9578,40.4102,-79.9445
500035,2026-05-11,10:58,TA/Petro,TRK-4400,D-100,94.8,3.649,345.97,403242,403255,43.6802,-79.6229,43.6813,-79.6098
500036,2026-05-14,06:06,Love's,TRK-4400,D-100,58.0,4.029,233.66,403667,403663,32.6294,-96.9155,32.6299,-96.9202
500037,2026-05-17,09:00,Pilot,TRK-4400,D-100,58.8,4.064,238.96,404085,404083,40.4115,-79.9735,40.4044,-79.9753
500038,2026-03-08,20:07,Love's,TRK-4401,D-101,71.9,3.651,262.51,249813,249807,43.5352,-79.6741,43.5118,-79.6809
500039,2026-03-09,19:44,PetroPass,TRK-4401,D-101,90.6,3.94,356.93,250381,250385,43.5951,-79.5323,43.596,-79.5407
500040,2026-03-11,17:24,PetroPass,TRK-4401,D-101,68.5,4.208,288.26,250832,250833,42.2309,-82.9804,42.2205,-82.9756
500041,2026-03-13,14:18,TA/Petro,TRK-4401,D-101,60.9,3.789,230.78,251269,251259,35.1214,-90.0095,35.1247,-90.0058
500042,2026-03-16,08:56,FleetOne,TRK-4401,D-101,83.3,4.117,342.96,251851,251835,35.1192,-90.0066,35.1227,-89.987
500043,2026-03-18,20:02,FleetOne,TRK-4401,D-101,81.2,4.0,324.8,252403,252412,39.1157,-84.5417,39.0998,-84.5624
500044,2026-03-19,18:20,TA/Petro,TRK-4401,D-101,101.5,3.806,386.28,253071,253066,39.1174,-84.5204,39.1145,-84.5185
500045,2026-03-21,10:47,FleetOne,TRK-4401,D-101,55.5,4.34,240.85,253442,253443,40.4717,-79.9954,40.4775,-79.996
500046,2026-03-22,17:54,PetroPass,TRK-4401,D-101,61.3,4.113,252.11,253854,253847,41.9183,-87.6143,41.9229,-87.6174
500047,2026-03-23,13:46,TA/Petro,TRK-4401,D-101,40.9,4.155,169.92,254167,254147,32.664,-96.8751,32.6344,-96.8806
500048,2026-03-26,08:25,Pilot,TRK-4401,D-101,70.8,3.905,276.5,254675,254669,41.905,-87.6043,41.9129,-87.6009
500049,2026-03-29,06:26,TA/Petro,TRK-4401,D-101,87.7,3.817,334.74,255297,255296,41.5904,-93.5298,41.586,-93.5153
500050,2026-04-01,13:00,PetroPass,TRK-4401,D-101,62.7,3.883,243.45,255753,255743,39.1226,-84.5783,39.129,-84.5837
500051,2026-04-03,20:20,Pilot,TRK-4401,D-101,46.3,3.987,184.61,256077,256072,35.0873,-90.008,35.0894,-90.018
500052,2026-04-05,13:50,TA/Petro,TRK-4401,D-101,79.1,4.255,336.59,256592,256602,41.5956,-93.6154,41.5881,-93.6257
500053,2026-04-07,17:26,TA/Petro,TRK-4401,D-101,58.6,4.0,234.41,256996,257002,32.6617,-96.755,32.6691,-96.7566
500054,2026-04-10,18:39,Pilot,TRK-4401,D-101,51.2,3.989,204.25,257361,257351,41.855,-87.5905,41.8405,-87.5771
500055,2026-04-13,12:58,PetroPass,TRK-4401,D-101,36.5,3.906,142.57,257616,257614,39.1357,-84.4001,39.124,-84.4085
500056,2026-04-14,21:14,TA/Petro,TRK-4401,D-101,80.6,3.702,298.4,258119,258117,40.3359,-80.0212,40.3307,-80.0131
500057,2026-04-17,11:06,Pilot,TRK-4401,D-101,67.0,3.856,258.34,258549,258545,35.1271,-89.9619,35.1315,-89.9787
500058,2026-04-18,19:26,PetroPass,TRK-4401,D-101,52.9,3.829,202.55,258908,258897,32.6359,-96.7643,32.6383,-96.7704
500059,2026-04-20,18:51,Pilot,TRK-4401,D-101,71.9,4.021,289.09,259414,259401,41.5794,-93.5319,41.569,-93.556
500060,2026-04-22,18:32,Pilot,TRK-4401,D-101,44.3,3.907,173.08,259695,259707,41.8905,-87.6557,41.8963,-87.6504
500061,2026-04-24,07:21,PetroPass,TRK-4401,D-101,71.6,3.929,281.29,260201,260202,43.5135,-79.5918,43.5096,-79.5733
500062,2026-04-26,14:58,FleetOne,TRK-4401,D-101,79.6,3.82,304.04,260735,260735,43.6089,-79.5394,43.6056,-79.5563
500063,2026-04-29,19:14,FleetOne,TRK-4401,D-101,63.6,3.708,235.81,261202,261208,40.3739,-80.1282,40.3817,-80.1255
500064,2026-05-01,16:15,Pilot,TRK-4401,D-101,84.2,4.013,337.9,261729,261719,41.9194,-87.6083,41.9276,-87.6021
500065,2026-05-03,08:02,Pilot,TRK-4401,D-101,62.6,3.878,242.77,262152,262154,42.3749,-83.0229,42.3707,-83.0198
500066,2026-05-06,07:38,FleetOne,TRK-4401,D-101,57.3,3.602,206.39,262558,262560,40.3518,-80.0458,40.3498,-80.0346
500067,2026-05-07,08:00,PetroPass,TRK-4401,D-101,80.4,3.813,306.6,263126,263134,40.3889,-79.9676,40.3888,-79.9606
500068,2026-05-10,13:51,Love's,TRK-4401,D-101,50.2,4.053,203.45,263486,263505,35.0825,-90.0511,35.0815,-90.0398
500069,2026-05-11,06:55,PetroPass,TRK-4401,D-101,91.2,4.065,370.74,264115,264116,39.044,-84.4776,39.0446,-84.4721
500070,2026-05-13,06:16,Pilot,TRK-4401,D-101,84.1,3.707,311.76,264651,264666,43.4876,-79.5499,43.4995,-79.5601
500071,2026-05-16,07:21,Love's,TRK-4401,D-101,96.8,3.894,376.96,265322,265308,40.4006,-80.015,40.3904,-79.9945
500072,2026-05-19,11:23,PetroPass,TRK-4401,D-101,84.5,4.016,339.38,265868,265865,41.6625,-93.5682,41.6699,-93.5619
500073,2026-03-05,08:47,TA/Petro,TRK-4402,D-102,47.3,4.154,196.48,349127,349135,32.7128,-96.7325,32.7129,-96.7304
500074,2026-03-08,08:37,PetroPass,TRK-4402,D-102,25.0,3.938,98.45,349497,349498,35.1447,-89.9994,35.1472,-89.999
500075,2026-03-11,19:50,FleetOne,TRK-4402,D-102,26.7,4.027,107.51,349919,349911,41.9196,-87.6893,41.9183,-87.6794
500076,2026-03-14,20:30,Pilot,TRK-4402,D-102,26.3,4.002,105.24,350312,350315,41.6644,-93.545,41.663,-93.5574
500077,2026-03-16,21:15,PetroPass,TRK-4402,D-102,29.9,3.874,115.84,350745,350743,43.5686,-79.5844,43.5646,-79.582
500078,2026-03-19,14:46,Pilot,TRK-4402,D-102,39.6,3.633,143.85,351331,351352,40.4015,-79.9985,40.4003,-79.9863
500079,2026-03-20,21:59,FleetOne,TRK-4402,D-102,25.6,3.837,98.23,351728,351731,35.0553,-90.0163,35.0696,-89.9979
500080,2026-03-21,14:28,PetroPass,TRK-4402,D-102,43.8,3.97,173.87,352366,352369,32.8589,-96.7574,32.8519,-96.7477
500081,2026-03-22,07:28,Love's,TRK-4402,D-102,33.8,3.952,133.58,352844,352851,42.3168,-82.9788,42.2975,-82.9721
500082,2026-03-23,07:57,FleetOne,TRK-4402,D-102,32.5,4.075,132.43,353331,353339,40.3797,-80.0292,40.3792,-80.0265
500083,2026-03-25,21:21,Pilot,TRK-4402,D-102,20.0,3.948,78.96,353656,353649,32.689,-96.8052,32.6887,-96.8029
500084,2026-03-27,07:15,TA/Petro,TRK-4402,D-102,26.7,4.137,110.45,354027,354030,42.1749,-83.0852,42.1666,-83.0908
500085,2026-03-28,09:36,Pilot,TRK-4402,D-102,38.3,3.821,146.33,354604,354605,42.3239,-83.0768,42.3278,-83.0758
500086,2026-03-29,20:42,PetroPass,TRK-4402,D-102,45.4,3.758,170.63,355265,355270,39.0462,-84.5376,39.0502,-84.532
500087,2026-03-30,14:16,TA/Petro,TRK-4402,D-102,43.1,4.155,179.06,355875,355879,41.506,-93.6159,41.4973,-93.6147
500088,2026-03-31,11:33,Pilot,TRK-4402,D-102,32.7,3.915,128.03,356347,356344,41.9003,-87.5776,41.912,-87.5611
500089,2026-04-02,14:39,PetroPass,TRK-4402,D-102,34.1,4.08,139.12,356819,356816,42.3106,-82.9557,42.3155,-82.9437
500090,2026-04-04,06:47,Love's,TRK-4402,D-102,20.0,3.402,68.05,357043,357033,41.9226,-87.5761,41.911,-87.5832
500091,2026-04-05,10:52,PetroPass,TRK-4402,D-102,33.8,4.193,141.71,357501,357512,35.1066,-90.0501,35.1055,-90.0505
500092,2026-04-07,10:39,Love's,TRK-4402,D-102,38.9,3.907,152.0,358084,358076,41.6112,-93.5692,41.6012,-93.5796
500093,2026-04-08,20:44,Love's,TRK-4402,D-102,36.7,3.72,136.54,358584,358595,35.1115,-89.9632,35.1152,-89.9569
500094,2026-04-09,08:43,TA/Petro,TRK-4402,D-102,36.3,3.878,140.76,359133,359130,42.374,-82.9103,42.3871,-82.9114
500095,2026-04-10,16:07,Love's,TRK-4402,D-102,35.3,3.941,139.12,359624,359622,35.0635,-90.0207,35.0699,-90.0207
500096,2026-04-11,19:16,Love's,TRK-4402,D-102,38.5,3.765,144.94,360170,360170,41.575,-93.6828,41.5645,-93.693
500097,2026-04-14,10:18,Love's,TRK-4402,D-102,37.6,3.997,150.3,360688,360705,42.3205,-82.9692,42.2994,-82.9728
500098,2026-04-17,08:56,Pilot,TRK-4402,D-102,41.9,3.98,166.78,361275,361280,39.1243,-84.5264,39.1242,-84.5165
500099,2026-04-18,19:56,Pilot,TRK-4402,D-102,28.5,4.055,115.56,361678,361674,41.6051,-93.6381,41.5965,-93.6435
500100,2026-04-20,13:35,FleetOne,TRK-4402,D-102,25.1,3.967,99.56,362043,362042,43.5311,-79.5264,43.5326,-79.5223
500101,2026-04-21,08:41,Love's,TRK-4402,D-102,41.2,4.12,169.74,362664,362653,39.0678,-84.503,39.0571,-84.4985
500102,2026-03-04,08:35,Love's,TRK-4403,D-103,44.6,3.984,177.69,325517,325515,39.166,-84.3595,39.1601,-84.3452
500103,2026-03-05,10:41,Love's,TRK-4403,D-103,67.8,3.889,263.66,326000,326000,39.0228,-84.4673,38.55251787559099,-84.16945887411465
500104,2026-03-06,06:22,Love's,TRK-4403,D-103,62.1,4.187,260.01,326426,326421,32.7247,-96.7513,32.7371,-96.74
500105,2026-03-09,09:53,FleetOne,TRK-4403,D-103,54.8,3.747,205.32,326388,326802,40.4652,-79.958,40.4801,-79.9607
500106,2026-03-12,18:05,PetroPass,TRK-4403,D-103,71.5,3.896,278.55,327284,327290,42.3176,-83.0494,42.3221,-83.0494
500107,2026-03-13,12:23,TA/Petro,TRK-4403,D-103,140.9,3.935,554.44,327756,327745,43.4951,-79.6447,43.4925,-79.6516
500108,2026-03-15,18:57,PetroPass,TRK-4403,D-103,67.6,3.937,266.12,328226,328231,32.7002,-96.7141,32.677,-96.7341
500109,2026-03-18,20:23,PetroPass,TRK-4403,D-103,71.2,4.103,292.12,328759,328753,43.6092,-79.5519,43.6119,-79.5575
500110,2026-03-21,14:23,Pilot,TRK-4403,D-103,74.7,3.737,279.18,329358,329366,40.3406,-80.0182,40.3381,-80.0332
500111,2026-03-23,11:33,PetroPass,TRK-4403,D-103,163.8,3.895,638.0,329995,330008,40.3046,-80.0058,40.2946,-80.0067
500112,2026-03-25,20:46,Love's,TRK-4403,D-103,72.7,3.752,272.77,330057,330521,39.1427,-84.54,39.1491,-84.5401
500113,2026-03-27,10:40,PetroPass,TRK-4403,D-103,73.8,4.18,308.47,331046,331056,41.5872,-93.5625,41.6065,-93.5429
500114,2026-03-28,06:31,FleetOne,TRK-4403,D-103,49.9,3.877,193.47,331435,331441,42.321,-83.0051,42.3145,-83.0119
500115,2026-03-31,12:07,PetroPass,TRK-4403,D-103,73.5,3.877,284.93,331249,331948,41.5643,-93.7326,41.5505,-93.7507
500116,2026-04-01,15:54,Pilot,TRK-4403,D-103,70.4,4.012,282.42,332419,332424,41.6391,-93.645,41.19804297694425,-94.10011707819764
500117,2026-04-03,16:19,FleetOne,TRK-4403,D-103,56.4,3.772,212.76,332854,332854,34.9858,-89.9957,34.989,-90.0036
500118,2026-04-06,20:43,FleetOne,TRK-4403,D-103,91.6,3.8,348.06,333471,333474,42.3842,-83.0265,42.3946,-83.0259
500119,2026-04-08,14:05,FleetOne,TRK-4403,D-103,49.5,4.178,206.79,333357,333814,39.1151,-84.5363,39.1088,-84.5285
500120,2026-04-09,15:06,Love's,TRK-4403,D-103,79.5,4.069,323.51,334389,334384,42.2776,-83.0025,42.2765,-83.0108
500121,2026-04-12,07:01,FleetOne,TRK-4403,D-103,92.1,3.894,358.62,334123,335002,43.5688,-79.5988,43.5628,-79.5826
500122,2026-04-15,15:03,FleetOne,TRK-4403,D-103,35.6,4.069,144.87,336107,335286,32.703,-96.7875,32.6898,-96.7877
500123,2026-04-17,21:52,TA/Petro,TRK-4403,D-103,60.0,3.631,217.84,335719,335727,42.3423,-83.0788,41.86977522190714,-82.82207401496102
500124,2026-04-18,12:07,PetroPass,TRK-4403,D-103,35.9,4.063,145.86,335956,335978,41.8874,-87.724,41.8775,-87.7117
500125,2026-04-19,15:09,Love's,TRK-4403,D-103,152.9,4.011,613.28,336540,336530,32.7918,-96.8101,32.7956,-96.825
500126,2026-04-21,11:11,PetroPass,TRK-4403,D-103,61.2,3.984,243.84,337014,337008,32.7484,-96.7854,32.7325,-96.7866
500127,2026-04-24,08:25,FleetOne,TRK-4403,D-103,78.7,4.012,315.73,337561,337567,39.1234,-84.4671,39.1505,-84.4692
500128,2026-04-25,20:45,Pilot,TRK-4403,D-103,110.4,4.296,474.28,337998,338000,43.6163,-79.6366,43.6255,-79.6377
500129,2026-04-27,08:58,FleetOne,TRK-4403,D-103,77.9,4.02,313.15,338519,338511,32.6746,-96.8205,32.6721,-96.8243
500130,2026-04-29,19:21,Pilot,TRK-4403,D-103,63.1,3.781,238.58,338964,338957,41.9664,-87.5377,41.976,-87.5529
500131,2026-03-06,11:11,FleetOne,TRK-4404,D-104,78.6,3.994,313.9,330856,330857,41.6737,-93.5387,41.645,-93.5419
500132,2026-03-08,10:58,Pilot,TRK-4404,D-104,82.4,4.0,329.64,331434,331449,32.6664,-96.7261,32.661,-96.7215
500133,2026-03-09,15:21,Pilot,TRK-4404,D-104,70.1,3.739,262.07,331908,331913,42.3591,-83.0162,42.3571,-83.0211
500134,2026-03-12,13:13,TA/Petro,TRK-4404,D-104,79.2,4.027,318.94,332445,332452,35.2115,-90.0784,35.2241,-90.0647
500135,2026-03-13,12:48,FleetOne,TRK-4404,D-104,83.6,3.917,327.5,333012,333019,39.0895,-84.4805,39.1035,-84.4787
500136,2026-03-14,10:59,PetroPass,TRK-4404,D-104,82.2,3.909,321.35,333554,333558,41.5566,-93.6818,41.559,-93.6826
500137,2026-03-15,13:29,Pilot,TRK-4404,D-104,82.6,4.004,330.74,334157,334139,39.0305,-84.4281,39.029,-84.4252
500138,2026-03-17,10:20,TA/Petro,TRK-4404,D-104,61.7,4.026,248.43,334566,334565,32.6802,-96.7266,32.6791,-96.7036
500139,2026-03-19,09:35,Love's,TRK-4404,D-104,80.3,3.822,306.9,335121,335132,32.723,-96.7506,32.7234,-96.7634
500140,2026-03-22,10:11,FleetOne,TRK-4404,D-104,76.1,3.948,300.44,335619,335622,43.5905,-79.6081,43.6114,-79.6227
500141,2026-03-24,10:14,FleetOne,TRK-4404,D-104,78.5,3.999,313.96,336155,336153,41.9389,-87.6405,41.9477,-87.6542
500142,2026-03-25,13:49,FleetOne,TRK-4404,D-104,68.1,3.789,258.05,336621,336631,42.2448,-82.9839,42.2333,-82.9767
500143,2026-03-27,08:00,TA/Petro,TRK-4404,D-104,89.6,3.918,351.07,337231,337230,42.3249,-83.1054,42.3245,-83.0854
500144,2026-03-30,13:36,TA/Petro,TRK-4404,D-104,74.2,3.698,274.37,337780,337791,35.0643,-89.9344,35.0611,-89.9537
500145,2026-04-01,15:45,TA/Petro,TRK-4404,D-104,66.6,4.112,273.85,338258,338254,40.4599,-80.0085,40.4386,-80.0023
500146,2026-04-04,08:24,Love's,TRK-4404,D-104,60.7,3.806,231.03,338635,338629,42.2156,-83.0465,42.2308,-83.0491
500147,2026-04-06,21:45,TA/Petro,TRK-4404,D-104,87.6,3.683,322.62,339226,339231,41.8598,-87.5724,41.8638,-87.5881
500148,2026-04-07,21:48,TA/Petro,TRK-4404,D-104,50.7,3.841,194.72,339581,339588,32.7405,-96.8073,32.7365,-96.8059
500149,2026-04-09,12:44,Pilot,TRK-4404,D-104,58.6,3.974,232.89,340013,340011,42.3365,-83.0794,42.3367,-83.0816
500150,2026-04-12,08:23,FleetOne,TRK-4404,D-104,54.0,4.104,221.63,340371,340377,41.9173,-87.5405,41.9158,-87.535
500151,2026-04-13,21:09,TA/Petro,TRK-4404,D-104,41.4,3.802,157.41,340640,340646,32.6772,-96.8693,32.6631,-96.8711
500152,2026-04-16,12:27,FleetOne,TRK-4404,D-104,75.7,4.187,316.93,341152,341155,40.3973,-79.9434,40.4099,-79.9576
500153,2026-04-18,12:55,FleetOne,TRK-4404,D-104,72.4,3.892,281.81,341647,341652,41.9144,-87.6126,41.914,-87.6118
500154,2026-04-19,09:50,PetroPass,TRK-4404,D-104,47.8,3.836,183.36,341981,341972,43.6023,-79.5619,43.6141,-79.56
500155,2026-04-20,17:58,TA/Petro,TRK-4404,D-104,79.6,3.767,299.85,342495,342486,42.2585,-82.9927,42.2583,-82.9899
500156,2026-04-23,14:34,Pilot,TRK-4404,D-104,70.0,3.729,261.05,342966,342967,43.4793,-79.5676,43.4644,-79.567
500157,2026-04-25,21:00,Love's,TRK-4404,D-104,59.8,4.141,247.63,343388,343384,39.1268,-84.5193,39.1245,-84.535
500158,2026-04-27,07:17,TA/Petro,TRK-4404,D-104,80.9,3.785,306.2,343876,343876,41.9899,-87.5404,41.983,-87.5382
500159,2026-04-30,19:56,PetroPass,TRK-4404,D-104,63.9,3.97,253.7,344351,344348,41.6225,-93.6114,41.6064,-93.6015
500160,2026-03-08,06:21,Love's,TRK-4405,D-105,31.6,3.854,121.79,289748,289741,32.732,-96.8269,32.7345,-96.8283
500161,2026-03-09,11:57,TA/Petro,TRK-4405,D-105,29.9,3.87,115.72,290208,290207,41.9205,-87.6233,41.9443,-87.6407
500162,2026-03-12,18:03,FleetOne,TRK-4405,D-105,30.0,3.986,119.57,290698,290699,32.7951,-96.8227,32.7977,-96.8124
500163,2026-03-15,08:07,FleetOne,TRK-4405,D-105,36.9,3.798,140.15,291245,291237,42.2708,-83.0264,42.2769,-83.0398
500164,2026-03-16,16:26,TA/Petro,TRK-4405,D-105,47.6,3.965,188.72,291889,291890,43.553,-79.6265,43.5537,-79.6261
500165,2026-03-18,18:50,Love's,TRK-4405,D-105,23.5,4.087,96.05,292252,292240,42.2905,-83.041,42.2916,-83.0449
500166,2026-03-19,10:59,TA/Petro,TRK-4405,D-105,35.8,3.863,138.31,292776,292781,41.9157,-87.6246,41.9246,-87.6323
500167,2026-03-21,15:04,Love's,TRK-4405,D-105,41.2,4.207,173.31,293355,293360,39.0485,-84.4965,39.0367,-84.5043
500168,2026-03-23,13:04,Love's,TRK-4405,D-105,30.2,4.076,123.1,293816,293827,39.0541,-84.3595,39.0496,-84.3588
500169,2026-03-25,11:29,TA/Petro,TRK-4405,D-105,32.6,3.982,129.8,294326,294333,32.7731,-96.7595,32.7741,-96.7839
500170,2026-03-27,17:42,PetroPass,TRK-4405,D-105,36.8,3.995,147.02,294911,294913,39.1508,-84.5829,39.1507,-84.5802
500171,2026-03-28,08:13,FleetOne,TRK-4405,D-105,30.8,3.866,119.06,295365,295364,40.398,-79.9779,40.395,-79.982
500172,2026-03-30,15:45,Pilot,TRK-4405,D-105,33.2,4.094,135.92,295845,295844,40.3024,-80.0987,40.3051,-80.0988
500173,2026-04-02,21:26,FleetOne,TRK-4405,D-105,39.8,3.911,155.65,296413,296408,32.7385,-96.7389,32.7449,-96.7477
500174,2026-04-04,16:24,TA/Petro,TRK-4405,D-105,27.4,4.062,111.3,296810,296809,40.4029,-80.0559,40.407,-80.0501
500175,2026-04-05,21:33,PetroPass,TRK-4405,D-105,40.4,3.862,156.02,297422,297422,35.1439,-90.0749,35.1308,-90.0952
500176,2026-04-06,19:06,PetroPass,TRK-4405,D-105,36.0,3.985,143.45,297960,297961,43.585,-79.5664,43.5898,-79.5733
500177,2026-04-07,11:32,Love's,TRK-4405,D-105,25.2,3.787,95.44,298321,298316,39.1512,-84.4855,39.1528,-84.4876
500178,2026-04-10,11:44,FleetOne,TRK-4405,D-105,37.4,3.857,144.27,298889,298874,42.2403,-83.0532,42.222,-83.0459
500179,2026-04-11,09:42,PetroPass,TRK-4405,D-105,40.3,3.881,156.42,299407,299419,41.7996,-87.5867,41.789,-87.5847
500180,2026-04-12,19:34,Pilot,TRK-4405,D-105,26.6,3.627,96.47,299825,299829,43.5867,-79.6291,43.5712,-79.6245
500181,2026-04-15,09:58,PetroPass,TRK-4405,D-105,41.0,3.93,161.15,300409,300405,41.842,-87.5984,41.8434,-87.6031
500182,2026-04-18,07:42,Love's,TRK-4405,D-105,31.2,4.129,128.81,300923,300935,34.9476,-90.0308,34.9579,-90.034
500183,2026-04-19,17:27,TA/Petro,TRK-4405,D-105,22.4,3.942,88.29,301228,301242,35.0708,-90.0509,35.0795,-90.0435
500184,2026-04-20,10:05,Love's,TRK-4405,D-105,38.4,4.191,160.92,301828,301838,40.3983,-80.0581,40.3916,-80.0661
500185,2026-04-23,14:20,PetroPass,TRK-4405,D-105,20.0,3.679,73.59,302124,302122,32.6545,-96.8436,32.6746,-96.843
500186,2026-04-24,08:16,PetroPass,TRK-4405,D-105,32.7,4.086,133.62,302616,302622,41.5399,-93.6143,41.534,-93.6127
500187,2026-04-25,16:36,FleetOne,TRK-4405,D-105,29.2,3.986,116.38,303036,303035,39.0785,-84.4602,39.0761,-84.4632
500188,2026-04-28,14:12,TA/Petro,TRK-4405,D-105,34.3,3.983,136.6,303585,303585,41.9788,-87.5756,41.9805,-87.5812
500189,2026-04-30,09:45,Pilot,TRK-4405,D-105,31.6,3.835,121.18,304046,304039,41.532,-93.5805,41.5374,-93.5781
500190,2026-03-05,09:00,PetroPass,TRK-4406,D-106,63.8,4.282,273.2,248834,248825,32.6667,-96.7783,32.6692,-96.7923
500191,2026-03-08,14:02,PetroPass,TRK-4406,D-106,84.1,3.76,316.24,249413,249412,39.1889,-84.4671,39.1888,-84.4512
500192,2026-03-11,12:51,Pilot,TRK-4406,D-106,75.7,3.952,299.18,249949,249944,40.4065,-80.0035,40.3932,-80.0182
500193,2026-03-13,08:30,Love's,TRK-4406,D-106,64.7,3.876,250.78,250377,250381,39.133,-84.5198,39.1341,-84.5125
500194,2026-03-16,06:54,TA/Petro,TRK-4406,D-106,73.6,4.049,298.01,250892,250888,41.8618,-87.669,41.8519,-87.6624
500195,2026-03-17,17:24,Love's,TRK-4406,D-106,71.6,4.124,295.27,251422,251437,42.0429,-87.5817,42.0487,-87.5866
500196,2026-03-19,15:15,FleetOne,TRK-4406,D-106,52.8,3.991,210.72,251791,251786,43.5845,-79.6086,43.5942,-79.609
500197,2026-03-21,11:19,PetroPass,TRK-4406,D-106,44.2,3.911,172.86,252123,252140,43.6028,-79.6643,43.6025,-79.6638
500198,2026-03-24,07:45,Love's,TRK-4406,D-106,67.4,3.974,267.83,252658,252655,35.1389,-90.0048,35.1342,-90.0111
500199,2026-03-26,18:02,PetroPass,TRK-4406,D-106,71.1,3.964,281.85,253159,253146,41.6392,-93.5565,41.6312,-93.5745
500200,2026-03-29,19:02,Love's,TRK-4406,D-106,60.0,3.908,234.48,253565,253562,32.77,-96.8524,32.7621,-96.8503
500201,2026-04-01,14:03,TA/Petro,TRK-4406,D-106,70.8,3.911,276.91,254065,254060,39.1031,-84.4946,39.1053,-84.4869
500202,2026-04-03,06:47,TA/Petro,TRK-4406,D-106,67.4,3.979,268.18,254565,254546,41.5738,-93.5789,41.5845,-93.5779
500203,2026-04-06,07:21,TA/Petro,TRK-4406,D-106,55.7,3.987,222.09,254952,254954,40.4423,-79.984,40.4549,-79.985
500204,2026-04-09,12:56,FleetOne,TRK-4406,D-106,55.7,3.809,212.14,255363,255370,42.2818,-82.9936,42.2811,-82.9863
500205,2026-04-10,13:46,Pilot,TRK-4406,D-106,75.4,3.829,288.68,255914,255904,40.4339,-80.0372,40.4287,-80.0466
500206,2026-04-13,14:53,Pilot,TRK-4406,D-106,93.8,3.694,346.46,256486,256496,32.6692,-96.8425,32.6584,-96.8455
500207,2026-04-16,17:24,Pilot,TRK-4406,D-106,74.5,4.04,301.01,257011,257019,41.8813,-87.4939,41.8837,-87.5126
500208,2026-04-18,09:11,Love's,TRK-4406,D-106,63.6,4.252,270.4,257490,257488,41.6363,-93.6466,41.6263,-93.6462
500209,2026-04-19,14:07,Pilot,TRK-4406,D-106,66.1,3.828,253.03,257978,257969,41.873,-87.6088,41.8739,-87.6028
500210,2026-04-22,17:45,PetroPass,TRK-4406,D-106,74.3,3.885,288.65,258489,258489,40.449,-79.9354,40.4668,-79.9441
500211,2026-04-23,14:42,FleetOne,TRK-4406,D-106,54.2,3.964,214.84,258912,258910,35.0616,-89.9957,35.0536,-90.0067
500212,2026-04-24,17:45,PetroPass,TRK-4406,D-106,95.3,4.023,383.37,259587,259587,43.5357,-79.5209,43.5264,-79.5313
500213,2026-04-26,06:53,PetroPass,TRK-4406,D-106,66.7,3.829,255.4,260027,260040,42.2303,-82.9529,42.2352,-82.9591
500214,2026-04-28,10:35,Love's,TRK-4406,D-106,77.0,3.937,303.17,260627,260625,42.1809,-82.9483,42.1691,-82.945
500215,2026-05-01,13:36,Pilot,TRK-4406,D-106,35.5,3.971,140.96,260889,260891,40.3903,-79.9761,40.3981,-79.97
500216,2026-05-02,12:29,Pilot,TRK-4406,D-106,68.0,4.045,275.04,261404,261408,32.7063,-96.9532,32.6936,-96.9343
500217,2026-05-04,07:19,PetroPass,TRK-4406,D-106,70.5,3.991,281.4,261897,261889,35.1229,-89.9818,35.1299,-89.9591
500218,2026-05-07,20:03,TA/Petro,TRK-4406,D-106,85.8,3.886,333.42,262470,262472,43.6464,-79.4714,43.6389,-79.4764
500219,2026-05-09,19:56,PetroPass,TRK-4406,D-106,31.4,4.005,125.77,262706,262703,41.5753,-93.5032,41.5755,-93.4903
500220,2026-05-12,12:19,Love's,TRK-4406,D-106,84.0,4.024,338.05,263310,263307,40.3856,-79.9798,40.4079,-79.9825
500221,2026-05-13,09:26,PetroPass,TRK-4406,D-106,58.9,4.028,237.22,263780,263788,41.789,-87.5265,41.7907,-87.5165
500222,2026-05-16,19:21,TA/Petro,TRK-4406,D-106,64.6,3.963,255.99,264263,264265,42.3417,-82.9475,42.3502,-82.9327
500223,2026-05-19,18:28,Pilot,TRK-4406,D-106,73.1,3.924,286.81,264823,264818,43.5654,-79.5249,43.5729,-79.5184
500224,2026-05-20,09:32,Pilot,TRK-4406,D-106,46.2,3.973,183.53,265188,265191,32.7605,-96.7214,32.7762,-96.7314
500225,2026-05-23,07:09,Pilot,TRK-4406,D-106,89.9,3.892,349.88,265803,265804,39.0558,-84.4606,39.0448,-84.4629
500226,2026-05-25,20:41,PetroPass,TRK-4406,D-106,37.1,3.845,142.65,266061,266065,41.5957,-93.6137,41.6036,-93.629
500227,2026-03-06,06:02,TA/Petro,TRK-4407,D-107,79.2,3.943,312.31,410204,410213,39.1353,-84.583,39.1384,-84.5919
500228,2026-03-07,10:50,TA/Petro,TRK-4407,D-107,60.3,3.883,234.15,410622,410635,39.149,-84.4859,39.142,-84.4946
500229,2026-03-09,10:20,Love's,TRK-4407,D-107,36.0,3.815,137.33,410896,410902,39.0149,-84.5721,39.026,-84.5585
500230,2026-03-12,21:22,TA/Petro,TRK-4407,D-107,34.1,3.908,133.26,411189,411172,39.1775,-84.5218,39.1785,-84.5104
500231,2026-03-15,09:03,Pilot,TRK-4407,D-107,82.6,4.104,339.0,411818,411816,43.6051,-79.6121,43.5955,-79.622
500232,2026-03-18,21:29,Pilot,TRK-4407,D-107,69.5,3.804,264.4,412299,412303,40.437,-79.959,40.463,-79.9628
500233,2026-03-21,10:05,Love's,TRK-4407,D-107,58.8,4.031,237.03,412720,412734,32.6795,-96.7955,32.6894,-96.8016
500234,2026-03-24,16:17,Pilot,TRK-4407,D-107,49.9,3.772,188.21,413102,413096,42.2649,-83.0387,42.2605,-83.0255
500235,2026-03-27,06:57,Pilot,TRK-4407,D-107,62.3,4.038,251.54,413535,413537,40.4018,-80.1016,40.4039,-80.094
500236,2026-03-28,21:26,PetroPass,TRK-4407,D-107,69.3,3.935,272.69,414037,414037,35.0943,-89.9946,35.1028,-89.9809
500237,2026-03-30,09:15,FleetOne,TRK-4407,D-107,73.3,4.114,301.53,414590,414586,42.2939,-83.1096,42.2884,-83.0973
500238,2026-04-02,07:27,Love's,TRK-4407,D-107,77.2,4.088,315.59,415105,415109,39.1761,-84.4821,39.1851,-84.4851
500239,2026-04-05,20:07,PetroPass,TRK-4407,D-107,77.2,3.862,298.15,415676,415662,32.7718,-96.7722,32.7547,-96.7744
500240,2026-04-06,13:05,TA/Petro,TRK-4407,D-107,58.2,4.234,246.42,416118,416123,40.4341,-80.0035,40.4304,-79.9927
500241,2026-04-07,15:57,TA/Petro,TRK-4407,D-107,70.2,3.924,275.45,416630,416625,41.5565,-93.6433,41.5403,-93.6371
500242,2026-04-08,11:18,Pilot,TRK-4407,D-107,65.1,3.943,256.7,417080,417076,39.0756,-84.5156,39.0959,-84.5329
500243,2026-04-09,11:52,Pilot,TRK-4407,D-107,54.9,4.008,220.06,417520,417517,43.495,-79.558,43.5094,-79.5431
500244,2026-04-12,07:35,TA/Petro,TRK-4407,D-107,92.7,3.809,353.07,418166,418148,40.4101,-79.978,40.392,-79.9733
500245,2026-04-14,19:45,Pilot,TRK-4407,D-107,68.7,4.007,275.29,418652,418645,42.2518,-82.9367,42.2655,-82.9466
500246,2026-04-15,12:14,Pilot,TRK-4407,D-107,76.0,3.962,301.14,419183,419166,35.1705,-89.9845,35.1767,-89.9929
500247,2026-04-17,20:23,TA/Petro,TRK-4407,D-107,44.6,4.136,184.45,419501,419501,42.2043,-82.9481,42.1989,-82.934
500248,2026-04-18,12:29,TA/Petro,TRK-4407,D-107,52.7,3.92,206.61,419896,419900,42.3414,-83.0665,42.3247,-83.0583
500249,2026-04-21,07:34,Love's,TRK-4407,D-107,58.2,4.09,238.01,420321,420319,41.6829,-93.6342,41.676,-93.6189
500250,2026-04-22,21:29,Pilot,TRK-4407,D-107,89.7,3.828,343.33,420921,420921,41.8979,-87.5955,41.888,-87.596
500251,2026-04-24,14:42,PetroPass,TRK-4407,D-107,79.8,3.901,311.27,421455,421463,40.4332,-80.0293,40.4391,-80.0301
500252,2026-04-27,09:19,TA/Petro,TRK-4407,D-107,70.0,3.873,271.11,421939,421929,39.1146,-84.3804,39.104,-84.3993
500253,2026-04-29,19:47,FleetOne,TRK-4407,D-107,60.1,3.807,228.83,422345,422356,35.1225,-90.0504,35.1155,-90.0539
500254,2026-05-02,08:03,TA/Petro,TRK-4407,D-107,60.8,3.947,239.98,422804,422800,42.2672,-82.9654,42.2816,-82.9701
500255,2026-03-04,13:59,PetroPass,TRK-4408,D-108,48.2,4.135,199.3,241976,241974,35.0889,-89.9502,35.082,-89.9651
500256,2026-03-05,15:31,TA/Petro,TRK-4408,D-108,79.3,3.758,298.02,242574,242570,43.5968,-79.6183,43.6108,-79.6087
500257,2026-03-08,21:17,PetroPass,TRK-4408,D-108,61.7,3.783,233.42,242976,242973,32.7418,-96.7407,32.7439,-96.7425
500258,2026-03-11,13:07,Love's,TRK-4408,D-108,143.4,4.056,581.63,243444,243442,42.243,-83.0071,42.2437,-83.0059
500259,2026-03-13,19:42,PetroPass,TRK-4408,D-108,144.7,3.69,533.94,243937,243938,43.609,-79.6293,43.6053,-79.6383
500260,2026-03-15,06:29,Love's,TRK-4408,D-108,51.5,4.209,216.77,244333,244313,43.5987,-79.6201,43.5893,-79.6225
500261,2026-03-16,19:12,Love's,TRK-4408,D-108,75.9,3.684,279.58,244850,244851,43.651,-79.542,43.07340064063528,-79.28002539740976
500262,2026-03-17,15:03,Pilot,TRK-4408,D-108,74.3,3.707,275.44,245372,245366,35.154,-90.0599,35.1603,-90.0566
500263,2026-03-19,13:12,Pilot,TRK-4408,D-108,47.9,4.083,195.59,245708,245701,40.3729,-80.0347,40.3547,-80.0172
500264,2026-03-20,18:14,Love's,TRK-4408,D-108,150.5,3.925,590.71,246225,246233,39.2317,-84.4722,39.2271,-84.4675
500265,2026-03-22,11:32,Love's,TRK-4408,D-108,81.3,4.008,325.83,246754,246758,42.3047,-82.9995,42.3042,-83.0052
500266,2026-03-25,12:24,Pilot,TRK-4408,D-108,112.3,4.115,462.11,247162,247167,42.2714,-82.972,42.2688,-82.9662
500267,2026-03-28,09:07,FleetOne,TRK-4408,D-108,168.7,3.822,644.77,247715,247726,43.6054,-79.5137,43.5863,-79.5109
500268,2026-03-29,12:01,TA/Petro,TRK-4408,D-108,63.3,3.951,250.1,248156,248168,43.5269,-79.561,43.776413639756285,-78.95600081289642
500269,2026-03-31,21:24,FleetOne,TRK-4408,D-108,57.0,3.933,224.16,249124,248555,40.4921,-79.9038,40.4755,-79.8788
500270,2026-04-03,15:03,TA/Petro,TRK-4408,D-108,58.8,3.934,231.31,248954,248946,39.1115,-84.4402,39.395539563394564,-84.16414369949386
500271,2026-04-04,19:52,PetroPass,TRK-4408,D-108,58.6,3.865,226.48,250372,249366,40.369,-79.9607,40.3787,-79.9622
500272,2026-04-05,13:21,FleetOne,TRK-4408,D-108,64.4,3.941,253.79,249766,249772,41.583,-93.6445,41.5683,-93.6382
500273,2026-04-08,09:39,PetroPass,TRK-4408,D-108,55.3,4.179,231.12,250130,250139,32.7032,-96.7714,32.6848,-96.7782
500274,2026-04-09,16:52,Pilot,TRK-4408,D-108,38.2,3.869,147.81,249710,250417,40.4198,-79.9847,40.4288,-79.9772
500275,2026-04-11,21:54,PetroPass,TRK-4408,D-108,151.9,3.89,590.89,250938,250943,42.2834,-83.0409,42.2876,-83.0418
500276,2026-04-12,10:07,FleetOne,TRK-4408,D-108,83.9,3.821,320.55,251090,251511,41.872,-87.6703,41.8822,-87.6757
500277,2026-04-15,07:43,Love's,TRK-4408,D-108,66.6,4.032,268.5,251996,251993,40.3758,-79.9056,40.3757,-79.928
500278,2026-04-17,20:32,Pilot,TRK-4408,D-108,90.0,4.087,367.81,252645,252638,40.4112,-80.0636,40.68592557793818,-80.67723918534074
500279,2026-04-18,17:04,PetroPass,TRK-4408,D-108,51.9,3.838,199.2,252974,252996,35.1435,-89.9411,35.154,-89.9486
500280,2026-04-19,14:16,Pilot,TRK-4408,D-108,62.8,4.196,263.53,253453,253440,41.9012,-87.6147,41.8999,-87.6124
500281,2026-04-21,08:23,FleetOne,TRK-4408,D-108,81.0,4.063,329.12,254029,254025,32.6853,-96.9258,32.664,-96.936
500282,2026-04-24,17:37,Pilot,TRK-4408,D-108,90.3,3.946,356.31,254675,254681,39.0632,-84.4986,39.0472,-84.4845
500283,2026-04-27,20:47,FleetOne,TRK-4408,D-108,84.0,3.945,331.41,255252,255253,43.5708,-79.594,43.74722344923752,-79.24246842525196
500284,2026-04-30,09:35,Pilot,TRK-4408,D-108,74.8,3.921,293.27,256462,255725,43.5339,-79.6224,43.536,-79.6065
500285,2026-05-01,06:31,Pilot,TRK-4408,D-108,200.1,4.308,862.03,256358,256352,39.0757,-84.5383,39.0636,-84.515
500286,2026-05-04,09:06,FleetOne,TRK-4408,D-108,171.0,3.718,635.78,256899,256894,43.5769,-79.6987,43.5875,-79.7014
500287,2026-05-06,21:07,TA/Petro,TRK-4408,D-108,132.0,4.098,540.94,257319,257336,32.6717,-96.8315,32.6822,-96.8278
500288,2026-05-07,10:38,PetroPass,TRK-4408,D-108,73.0,3.924,286.48,257854,257852,35.0728,-89.9632,35.0592,-89.9716
500289,2026-05-08,13:28,Love's,TRK-4408,D-108,111.7,4.114,459.53,258221,258221,32.7243,-96.793,32.7234,-96.8014
500290,2026-05-09,16:11,FleetOne,TRK-4408,D-108,57.4,3.98,228.46,258629,258621,40.4243,-79.9739,40.4332,-79.9596
500291,2026-03-04,15:03,PetroPass,TRK-4409,D-109,60.9,3.884,236.52,310476,310456,42.2664,-83.0158,42.2782,-83.0138
500292,2026-03-05,17:08,Pilot,TRK-4409,D-109,71.5,4.015,287.09,310924,310937,41.7038,-93.6423,41.7124,-93.6402
500293,2026-03-07,18:54,TA/Petro,TRK-4409,D-109,59.2,3.691,218.52,311335,311340,41.9524,-87.6233,41.9413,-87.621
500294,2026-03-09,07:48,Love's,TRK-4409,D-109,52.7,3.973,209.38,311709,311715,41.9485,-87.5381,41.9418,-87.5287
500295,2026-03-12,06:30,Love's,TRK-4409,D-109,85.3,4.252,362.69,312314,312315,35.0492,-90.0261,35.057,-90.0156
500296,2026-03-14,10:17,PetroPass,TRK-4409,D-109,67.7,3.828,259.16,312809,312806,40.4118,-79.9392,40.4279,-79.9314
500297,2026-03-16,14:45,FleetOne,TRK-4409,D-109,65.7,3.763,247.21,313277,313273,42.3093,-82.9656,42.3147,-82.9632
500298,2026-03-18,11:10,Love's,TRK-4409,D-109,62.1,4.05,251.52,313678,313687,40.3665,-79.9974,40.3603,-80.0027
500299,2026-03-21,14:48,PetroPass,TRK-4409,D-109,85.4,3.922,334.91,314219,314216,41.5604,-93.6114,41.5629,-93.6154
500300,2026-03-22,07:07,TA/Petro,TRK-4409,D-109,95.2,3.991,379.9,314849,314856,41.5546,-93.5791,41.5532,-93.5852
500301,2026-03-25,17:55,Love's,TRK-4409,D-109,49.5,3.942,195.14,315197,315204,39.1277,-84.4662,39.1213,-84.4628
500302,2026-03-27,10:56,TA/Petro,TRK-4409,D-109,57.8,4.053,234.28,315584,315578,41.9488,-87.598,41.9566,-87.6156
500303,2026-03-28,06:28,Pilot,TRK-4409,D-109,71.9,3.725,267.85,316086,316092,41.6282,-93.5655,41.6146,-93.5753
500304,2026-03-31,17:34,Love's,TRK-4409,D-109,49.6,3.963,196.56,316442,316444,41.841,-87.6058,41.8516,-87.6188
500305,2026-04-01,08:11,Pilot,TRK-4409,D-109,66.7,3.904,260.4,316880,316872,42.3214,-83.0171,42.3262,-83.0139
500306,2026-04-02,13:00,Pilot,TRK-4409,D-109,72.2,3.796,274.09,317364,317347,32.7508,-96.7767,32.7377,-96.7646
500307,2026-04-03,09:01,TA/Petro,TRK-4409,D-109,65.8,3.673,241.71,317823,317834,42.2704,-83.0457,42.2698,-83.0396
500308,2026-04-06,07:05,PetroPass,TRK-4409,D-109,58.8,3.877,227.98,318208,318217,35.1273,-89.9451,35.1347,-89.936
500309,2026-04-09,20:30,TA/Petro,TRK-4409,D-109,75.0,4.023,301.71,318730,318721,41.5578,-93.6675,41.5665,-93.6656
500310,2026-04-12,10:54,TA/Petro,TRK-4409,D-109,81.8,4.001,327.31,319289,319288,42.2676,-82.9178,42.2589,-82.9212
500311,2026-04-13,11:23,Pilot,TRK-4409,D-109,89.7,4.009,359.63,319910,319913,42.2981,-83.0157,42.2899,-83.0048
500312,2026-04-14,16:51,FleetOne,TRK-4409,D-109,42.7,4.094,174.82,320227,320220,43.4945,-79.6383,43.4905,-79.6209
500313,2026-04-15,06:53,TA/Petro,TRK-4409,D-109,63.9,3.746,239.38,320630,320634,42.2797,-83.0514,42.2775,-83.0487
500314,2026-04-16,10:08,Pilot,TRK-4409,D-109,80.5,3.941,317.24,321177,321170,43.5779,-79.5924,43.5834,-79.5718
500315,2026-04-19,12:41,FleetOne,TRK-4409,D-109,79.3,4.056,321.61,321697,321696,35.0778,-90.0253,35.0843,-90.0271
500316,2026-04-21,19:26,TA/Petro,TRK-4409,D-109,66.2,4.12,272.76,322168,322161,40.4387,-80.0803,40.4356,-80.0787
500317,2026-04-23,14:30,TA/Petro,TRK-4409,D-109,78.6,3.849,302.53,322695,322694,39.1009,-84.5017,39.0821,-84.5057
500318,2026-04-24,16:06,TA/Petro,TRK-4409,D-109,72.9,3.706,270.15,323206,323218,43.5826,-79.5618,43.5995,-79.554
500319,2026-04-27,13:14,Love's,TRK-4409,D-109,74.9,3.812,285.55,323692,323714,41.621,-93.5587,41.613,-93.5622
500320,2026-04-30,11:06,Pilot,TRK-4409,D-109,60.4,3.975,240.08,324151,324147,43.5972,-79.713,43.5994,-79.7222
500321,2026-05-01,08:59,Love's,TRK-4409,D-109,67.9,3.969,269.48,324596,324601,41.8232,-87.6739,41.8173,-87.6739
500322,2026-03-07,07:37,FleetOne,TRK-4410,D-110,67.7,3.999,270.71,368199,368203,41.8666,-87.6037,41.8708,-87.6039
500323,2026-03-10,19:25,Pilot,TRK-4410,D-110,51.5,3.831,197.28,368584,368586,41.8476,-87.5708,41.8537,-87.5798
500324,2026-03-13,15:29,FleetOne,TRK-4410,D-110,79.0,3.843,303.6,369106,369102,41.8242,-87.6624,41.8313,-87.6457
500325,2026-03-15,19:54,TA/Petro,TRK-4410,D-110,62.4,3.647,227.55,369580,369579,35.1065,-90.0179,35.0954,-90.0172
500326,2026-03-18,14:57,Love's,TRK-4410,D-110,86.9,3.933,341.75,370173,370169,40.3511,-79.8593,40.3548,-79.8555
500327,2026-03-20,14:36,Pilot,TRK-4410,D-110,52.8,3.899,205.86,370506,370505,32.7054,-96.864,32.7106,-96.8705
500328,2026-03-22,21:00,PetroPass,TRK-4410,D-110,97.0,3.96,384.08,371159,371163,40.4553,-80.0164,40.4511,-80.0067
500329,2026-03-25,14:32,Pilot,TRK-4410,D-110,87.7,4.058,355.9,371705,371706,39.1731,-84.5423,39.1755,-84.5517
500330,2026-03-27,10:20,PetroPass,TRK-4410,D-110,48.5,3.743,181.53,372067,372059,39.2032,-84.4319,39.1842,-84.4177
500331,2026-03-28,20:53,PetroPass,TRK-4410,D-110,87.4,3.754,328.07,372638,372638,35.1305,-90.1069,35.1283,-90.0955
500332,2026-03-30,20:26,FleetOne,TRK-4410,D-110,89.0,4.081,363.22,373196,373206,43.6366,-79.5867,43.6375,-79.5891
500333,2026-04-01,17:23,Pilot,TRK-4410,D-110,79.1,3.944,311.95,373705,373707,41.9502,-87.546,41.9479,-87.5401
500334,2026-04-04,10:02,TA/Petro,TRK-4410,D-110,55.3,4.197,232.11,374069,374080,32.7224,-96.7727,32.712,-96.7676
500335,2026-04-06,08:14,FleetOne,TRK-4410,D-110,74.2,4.017,298.06,374593,374592,40.397,-79.9994,40.4036,-80.0066
500336,2026-04-07,11:09,Pilot,TRK-4410,D-110,63.0,4.008,252.49,375000,374990,39.023,-84.5056,39.0386,-84.5075
500337,2026-04-08,16:54,Love's,TRK-4410,D-110,55.4,3.9,216.05,375348,375349,41.9432,-87.6407,41.9449,-87.6372
500338,2026-04-10,10:48,TA/Petro,TRK-4410,D-110,67.0,4.107,275.19,375757,375771,35.1284,-90.0371,35.1166,-90.0268
500339,2026-04-11,09:25,Pilot,TRK-4410,D-110,69.2,4.037,279.37,376231,376232,35.0587,-89.9641,35.0598,-89.9767
500340,2026-04-12,09:12,Pilot,TRK-4410,D-110,75.3,4.024,302.98,376772,376776,35.1363,-89.9608,35.1399,-89.9615
500341,2026-04-15,11:50,Love's,TRK-4410,D-110,75.1,3.749,281.58,377276,377273,40.4323,-79.8973,40.433,-79.8979
500342,2026-04-18,06:10,Pilot,TRK-4410,D-110,70.3,3.868,271.92,377791,377771,41.6674,-93.51,41.6718,-93.5137
500343,2026-04-19,15:37,PetroPass,TRK-4410,D-110,50.4,4.095,206.4,378098,378092,39.2209,-84.5695,39.2355,-84.5688
500344,2026-04-20,14:03,PetroPass,TRK-4410,D-110,80.8,4.047,326.98,378652,378643,41.871,-87.6232,41.8525,-87.6146
500345,2026-04-23,19:53,Pilot,TRK-4410,D-110,68.2,3.856,262.97,379099,379099,42.2558,-82.9474,42.2552,-82.9272
500346,2026-04-25,18:47,Pilot,TRK-4410,D-110,81.8,4.129,337.72,379646,379635,35.0936,-90.0086,35.0807,-90.0112
500347,2026-04-28,21:13,FleetOne,TRK-4410,D-110,54.2,3.937,213.36,379972,379975,40.3676,-80.0137,40.3529,-79.9995
500348,2026-04-29,09:15,Pilot,TRK-4410,D-110,90.7,4.078,369.87,380577,380584,32.7312,-96.7826,32.7288,-96.7634
500349,2026-05-01,10:16,FleetOne,TRK-4410,D-110,74.3,3.997,296.99,381086,381100,40.3916,-80.0791,40.3917,-80.0901
500350,2026-05-02,09:20,FleetOne,TRK-4410,D-110,79.8,3.66,292.08,381628,381628,39.1987,-84.5524,39.2048,-84.5592
500351,2026-05-04,07:48,Love's,TRK-4410,D-110,70.8,3.793,268.51,382131,382120,32.7134,-96.8606,32.7177,-96.8344
500352,2026-05-07,20:20,Love's,TRK-4410,D-110,42.0,4.142,173.98,382425,382425,41.865,-87.6083,41.8544,-87.6206
500353,2026-03-04,08:00,FleetOne,TRK-4411,D-111,35.9,3.923,140.84,348080,348081,43.5929,-79.6139,43.5976,-79.6072
500354,2026-03-07,15:50,PetroPass,TRK-4411,D-111,28.8,4.017,115.68,348491,348484,42.3228,-82.986,42.3232,-82.979
500355,2026-03-09,12:37,PetroPass,TRK-4411,D-111,42.2,4.045,170.69,349085,349088,41.9124,-87.6368,41.9194,-87.6083
500356,2026-03-11,15:47,TA/Petro,TRK-4411,D-111,32.4,3.849,124.71,349530,349524,35.0763,-90.0794,35.0687,-90.0965
500357,2026-03-14,14:39,PetroPass,TRK-4411,D-111,23.8,3.841,91.41,349853,349854,32.6859,-96.8316,32.6841,-96.824
500358,2026-03-17,12:26,Love's,TRK-4411,D-111,30.2,4.01,121.09,350326,350321,35.0107,-90.0222,35.0183,-90.0192
500359,2026-03-20,09:56,TA/Petro,TRK-4411,D-111,39.7,4.089,162.34,350893,350885,32.678,-96.8672,32.6822,-96.8617
500360,2026-03-22,21:38,TA/Petro,TRK-4411,D-111,35.8,3.667,131.28,351421,351406,41.9188,-87.6926,41.9093,-87.6791
500361,2026-03-24,15:59,PetroPass,TRK-4411,D-111,36.3,3.876,140.7,351888,351890,41.6774,-93.6187,41.6847,-93.6335
500362,2026-03-27,10:02,TA/Petro,TRK-4411,D-111,38.2,3.902,149.06,352424,352445,41.5626,-93.611,41.5656,-93.6012
500363,2026-03-30,14:32,Love's,TRK-4411,D-111,33.1,3.99,132.07,352916,352916,32.6737,-96.8123,32.6851,-96.8196
500364,2026-04-01,16:46,TA/Petro,TRK-4411,D-111,32.7,4.135,135.21,353376,353369,41.5968,-93.6105,41.5935,-93.6131
500365,2026-04-04,07:54,Love's,TRK-4411,D-111,24.9,4.271,106.36,353747,353748,41.8613,-87.5284,41.8641,-87.5227
500366,2026-04-07,07:21,PetroPass,TRK-4411,D-111,24.4,3.994,97.46,354126,354104,35.1925,-89.9957,35.1692,-89.9966
500367,2026-04-08,07:25,FleetOne,TRK-4411,D-111,35.4,3.747,132.64,354634,354637,41.6046,-93.6936,41.5931,-93.6935
500368,2026-04-10,11:31,PetroPass,TRK-4411,D-111,35.3,4.196,148.13,355184,355181,40.3142,-80.0546,40.3184,-80.038
500369,2026-04-11,21:31,Love's,TRK-4411,D-111,26.1,3.768,98.35,355571,355569,41.9201,-87.6562,41.9233,-87.6692
500370,2026-04-12,15:12,FleetOne,TRK-4411,D-111,37.3,3.837,143.11,356072,356078,42.3028,-83.0491,42.2987,-83.0517
500371,2026-04-14,19:19,PetroPass,TRK-4411,D-111,20.0,4.044,80.88,356353,356347,42.2316,-82.9105,42.2252,-82.9072
500372,2026-04-16,09:18,TA/Petro,TRK-4411,D-111,29.1,4.317,125.62,356817,356807,42.2203,-83.0524,42.2099,-83.0674
500373,2026-04-17,12:33,FleetOne,TRK-4411,D-111,22.1,3.914,86.49,357165,357168,39.0674,-84.4889,39.0714,-84.4857
500374,2026-04-20,18:15,Pilot,TRK-4411,D-111,34.7,4.069,141.18,357655,357649,35.0289,-90.0717,35.0214,-90.0823
500375,2026-04-23,16:18,Pilot,TRK-4411,D-111,35.9,4.13,148.27,358158,358165,32.7034,-96.726,32.7046,-96.729
500376,2026-04-25,09:20,FleetOne,TRK-4411,D-111,34.9,3.654,127.54,358639,358640,41.5972,-93.602,41.59,-93.5782
500377,2026-04-28,10:57,PetroPass,TRK-4411,D-111,35.3,3.836,135.41,359213,359209,42.2686,-83.0414,42.2816,-83.028
500378,2026-05-01,17:48,Pilot,TRK-4411,D-111,26.7,3.793,101.28,359618,359617,39.0691,-84.5517,39.0535,-84.5495
500379,2026-05-03,06:09,Pilot,TRK-4411,D-111,35.5,3.912,138.87,360112,360123,35.1388,-89.9836,35.1362,-89.9872
500380,2026-05-04,07:40,PetroPass,TRK-4411,D-111,26.7,4.13,110.26,360497,360502,39.0546,-84.4858,39.0443,-84.4889
500381,2026-03-06,10:35,Love's,TRK-4412,D-112,54.9,3.988,218.94,294989,294992,41.6448,-93.5863,41.6671,-93.572
500382,2026-03-07,15:49,Pilot,TRK-4412,D-112,59.5,4.004,238.25,295408,295396,32.7343,-96.7139,32.7361,-96.715
500383,2026-03-09,18:35,Pilot,TRK-4412,D-112,67.4,4.004,269.89,295871,295877,41.5322,-93.6771,41.5233,-93.6868
500384,2026-03-11,06:25,PetroPass,TRK-4412,D-112,64.9,3.881,251.86,296374,296374,43.6297,-79.6362,43.6314,-79.6142
500385,2026-03-14,06:03,FleetOne,TRK-4412,D-112,67.3,3.945,265.52,296858,296863,35.0278,-90.0481,35.0263,-90.0498
500386,2026-03-17,06:00,TA/Petro,TRK-4412,D-112,77.4,4.01,310.36,297427,297423,43.6286,-79.5812,43.6373,-79.5741
500387,2026-03-18,09:42,PetroPass,TRK-4412,D-112,77.4,3.856,298.43,297998,297998,40.4091,-79.9792,40.4008,-79.98
500388,2026-03-21,11:36,TA/Petro,TRK-4412,D-112,64.2,4.162,267.23,298460,298464,40.3588,-80.1306,40.354,-80.1346
500389,2026-03-23,07:54,PetroPass,TRK-4412,D-112,66.4,4.104,272.5,298957,298951,40.399,-80.0409,40.3818,-80.0453
500390,2026-03-26,07:53,Love's,TRK-4412,D-112,53.7,4.033,216.56,299367,299362,39.1275,-84.4591,39.1319,-84.4613
500391,2026-03-29,06:32,TA/Petro,TRK-4412,D-112,88.2,4.066,358.65,300013,300009,42.1791,-82.9362,42.1938,-82.9359
500392,2026-03-31,09:58,FleetOne,TRK-4412,D-112,70.5,3.859,272.04,300544,300538,43.6487,-79.6353,43.6414,-79.6418
500393,2026-04-03,14:24,FleetOne,TRK-4412,D-112,75.7,4.101,310.48,301079,301085,32.6848,-96.8107,32.675,-96.8005
500394,2026-04-06,16:46,Pilot,TRK-4412,D-112,51.9,4.157,215.77,301473,301471,39.0495,-84.4847,39.0481,-84.4502
500395,2026-04-07,11:16,PetroPass,TRK-4412,D-112,43.9,4.249,186.54,301788,301785,41.5942,-93.6867,41.5902,-93.6721
500396,2026-04-08,17:53,TA/Petro,TRK-4412,D-112,60.7,4.151,251.95,302204,302214,32.7228,-96.8666,32.7095,-96.8612
500397,2026-04-11,19:05,FleetOne,TRK-4412,D-112,49.8,3.936,196.01,302586,302592,41.9252,-87.5469,41.9313,-87.5462
500398,2026-04-12,06:53,Pilot,TRK-4412,D-112,73.0,3.635,265.36,303109,303109,40.4602,-79.996,40.4461,-79.9725
500399,2026-04-14,18:24,TA/Petro,TRK-4412,D-112,59.8,4.268,255.24,303566,303556,42.3502,-82.9589,42.3559,-82.9689
500400,2026-04-17,09:07,FleetOne,TRK-4412,D-112,41.5,3.998,165.91,303886,303888,41.8005,-87.573,41.8217,-87.5591
500401,2026-04-19,20:48,Love's,TRK-4412,D-112,79.3,3.955,313.64,304480,304469,35.115,-89.9723,35.1137,-89.9735
500402,2026-04-21,06:44,FleetOne,TRK-4412,D-112,86.5,4.193,362.73,305107,305104,40.5636,-80.0596,40.5567,-80.0554
500403,2026-04-24,06:47,TA/Petro,TRK-4412,D-112,82.5,4.056,334.6,305667,305665,41.552,-93.5296,41.5642,-93.5236
500404,2026-04-27,14:10,Pilot,TRK-4412,D-112,74.8,3.823,285.94,306207,306203,35.0624,-89.9889,35.0621,-89.9867
500405,2026-04-30,09:45,TA/Petro,TRK-4412,D-112,61.9,4.022,248.98,306668,306659,43.5082,-79.6395,43.518,-79.6569
500406,2026-05-02,12:30,PetroPass,TRK-4412,D-112,74.2,3.88,287.89,307175,307165,39.0664,-84.5239,39.0584,-84.5205
500407,2026-05-03,09:13,TA/Petro,TRK-4412,D-112,54.2,4.227,229.08,307545,307548,42.3197,-83.0193,42.3273,-83.0217
500408,2026-05-04,09:39,PetroPass,TRK-4412,D-112,36.3,3.88,140.86,307803,307799,35.1846,-90.0357,35.1778,-90.037
500409,2026-05-06,10:46,TA/Petro,TRK-4412,D-112,59.4,3.961,235.3,308200,308201,41.9226,-87.6131,41.916,-87.5963
500410,2026-03-06,18:57,TA/Petro,TRK-4413,D-113,66.8,3.989,266.46,397747,397747,40.5046,-79.9832,40.4808,-79.9799
500411,2026-03-07,14:11,TA/Petro,TRK-4413,D-113,69.6,3.942,274.37,398250,398249,41.8729,-87.6474,41.9031,-87.6545
500412,2026-03-10,19:23,FleetOne,TRK-4413,D-113,53.8,4.107,220.94,398636,398645,42.3236,-82.9716,42.3059,-82.9532
500413,2026-03-11,13:29,FleetOne,TRK-4413,D-113,70.7,3.973,280.87,399176,399177,41.9015,-87.6125,41.8811,-87.6013
500414,2026-03-14,15:18,PetroPass,TRK-4413,D-113,68.0,3.612,245.6,399690,399689,35.1204,-89.974,35.1184,-89.9855
500415,2026-03-15,21:59,Pilot,TRK-4413,D-113,59.7,3.896,232.57,400097,400102,41.9977,-87.5824,42.0011,-87.5861
500416,2026-03-17,19:25,Pilot,TRK-4413,D-113,71.6,3.929,281.35,400636,400622,42.3368,-83.0777,42.3309,-83.0891
500417,2026-03-18,18:32,Pilot,TRK-4413,D-113,47.4,3.879,183.87,400972,400966,32.7972,-96.7844,32.802,-96.7913
500418,2026-03-19,18:26,PetroPass,TRK-4413,D-113,68.3,4.19,286.15,401492,401501,35.1091,-89.936,35.0984,-89.9452
500419,2026-03-20,18:35,Love's,TRK-4413,D-113,57.8,3.76,217.33,401949,401939,43.5767,-79.6343,43.5922,-79.6351
500420,2026-03-23,07:32,TA/Petro,TRK-4413,D-113,60.4,4.164,251.52,402407,402414,35.0932,-89.9627,35.0857,-89.9643
500421,2026-03-25,16:19,Love's,TRK-4413,D-113,76.1,4.123,313.79,402928,402927,43.5289,-79.6348,43.5189,-79.6275
500422,2026-03-27,21:41,TA/Petro,TRK-4413,D-113,47.9,3.702,177.31,403269,403273,32.7264,-96.7811,32.7455,-96.7726
500423,2026-03-28,13:40,FleetOne,TRK-4413,D-113,55.5,3.626,201.26,403666,403666,42.249,-82.9949,42.2382,-82.9907
500424,2026-03-31,19:05,PetroPass,TRK-4413,D-113,56.4,3.748,211.41,404075,404077,41.9203,-87.5705,41.945,-87.5767
500425,2026-04-02,12:50,Pilot,TRK-4413,D-113,71.2,4.113,292.84,404611,404591,32.7493,-96.7731,32.7492,-96.7762
500426,2026-04-05,16:32,Love's,TRK-4413,D-113,62.4,4.083,254.78,405010,405004,42.2661,-82.9744,42.2687,-82.9795
500427,2026-04-08,08:58,Pilot,TRK-4413,D-113,67.6,3.984,269.35,405477,405480,42.2679,-82.9153,42.2574,-82.911
500428,2026-04-11,11:56,Pilot,TRK-4413,D-113,54.7,3.999,218.72,405890,405894,39.0313,-84.5239,39.0098,-84.5215
500429,2026-04-14,15:08,TA/Petro,TRK-4413,D-113,52.3,3.845,201.09,406254,406256,42.3375,-83.0504,42.3283,-83.0443
500430,2026-04-16,09:10,FleetOne,TRK-4413,D-113,57.6,4.093,235.77,406660,406669,35.1405,-90.008,35.1376,-90.0254
500431,2026-04-17,21:13,TA/Petro,TRK-4413,D-113,71.1,3.772,268.18,407158,407155,35.1094,-90.0352,35.1238,-90.0261
500432,2026-04-20,13:12,Pilot,TRK-4413,D-113,67.8,3.813,258.51,407637,407635,42.315,-83.0553,42.3219,-83.0448
500433,2026-04-23,19:54,TA/Petro,TRK-4413,D-113,73.8,3.546,261.69,408160,408165,41.6068,-93.641,41.6168,-93.6477
500434,2026-04-26,10:02,Love's,TRK-4413,D-113,88.5,4.019,355.71,408794,408792,39.1396,-84.5628,39.146,-84.5702
500435,2026-04-27,12:51,Love's,TRK-4413,D-113,57.7,3.977,229.46,409286,409282,32.7223,-96.8051,32.7387,-96.802
500436,2026-04-28,14:53,Love's,TRK-4413,D-113,48.7,3.878,188.88,409692,409681,32.738,-96.8177,32.7461,-96.8162
500437,2026-04-30,07:20,TA/Petro,TRK-4413,D-113,78.5,3.694,289.98,410205,410207,40.391,-79.9576,40.4065,-79.9552
500438,2026-05-02,08:25,TA/Petro,TRK-4413,D-113,79.4,3.896,309.35,410755,410755,41.6165,-93.541,41.6354,-93.5335
500439,2026-05-03,08:18,TA/Petro,TRK-4413,D-113,65.8,3.791,249.47,411221,411225,41.543,-93.6216,41.544,-93.6017
500440,2026-05-05,09:01,FleetOne,TRK-4413,D-113,75.1,3.8,285.35,411855,411854,40.5366,-79.9705,40.5255,-79.9709
500441,2026-05-06,09:31,PetroPass,TRK-4413,D-113,69.6,4.068,283.14,412360,412369,42.2483,-83.088,42.2327,-83.097
500442,2026-05-09,14:28,Pilot,TRK-4413,D-113,25.9,3.879,100.47,412566,412566,41.8697,-87.524,41.8636,-87.5152
500443,2026-05-11,16:00,PetroPass,TRK-4413,D-113,63.4,3.976,252.05,413042,413041,35.0528,-89.9504,35.057,-89.9549
500444,2026-05-14,20:13,TA/Petro,TRK-4413,D-113,65.5,3.808,249.44,413547,413527,39.0189,-84.5179,39.0245,-84.5249
500445,2026-03-06,08:59,PetroPass,TRK-4414,D-114,52.5,3.883,203.86,275885,275882,41.6279,-93.5924,41.6307,-93.5792
500446,2026-03-08,07:24,Love's,TRK-4414,D-114,60.6,3.965,240.29,276252,276264,35.0689,-90.0325,35.608324394281674,-90.5583104500509
500447,2026-03-09,09:43,TA/Petro,TRK-4414,D-114,86.5,3.99,345.12,276842,276843,35.0628,-90.0061,35.0665,-89.9989
500448,2026-03-10,21:24,Pilot,TRK-4414,D-114,79.1,3.678,290.94,277388,277395,39.1363,-84.4712,39.1405,-84.4747
500449,2026-03-12,06:49,PetroPass,TRK-4414,D-114,66.7,3.818,254.63,277826,277824,41.5708,-93.5182,41.5795,-93.5218
500450,2026-03-13,12:08,Love's,TRK-4414,D-114,58.4,3.897,227.56,278220,278223,32.7565,-96.8161,32.7459,-96.8128
500451,2026-03-15,06:33,FleetOne,TRK-4414,D-114,89.0,3.892,346.37,278904,278904,41.5998,-93.6391,41.6088,-93.6309
500452,2026-03-18,20:38,FleetOne,TRK-4414,D-114,68.9,3.922,270.21,279382,279375,40.4377,-80.0615,40.4272,-80.079
500453,2026-03-21,11:35,PetroPass,TRK-4414,D-114,56.3,3.859,217.24,279728,279726,39.1084,-84.4573,39.0985,-84.4627
500454,2026-03-24,21:16,TA/Petro,TRK-4414,D-114,178.9,4.005,716.49,280330,280351,32.753,-96.8749,32.769,-96.8729
500455,2026-03-26,10:53,PetroPass,TRK-4414,D-114,69.9,3.822,267.19,280398,280809,39.0347,-84.5036,39.035,-84.5071
500456,2026-03-29,06:23,Pilot,TRK-4414,D-114,65.9,3.752,247.27,281301,281296,41.9991,-87.571,42.259734407985185,-88.18159261361112
500457,2026-03-31,13:11,FleetOne,TRK-4414,D-114,60.0,4.077,244.62,282412,281696,40.3776,-80.0213,40.3779,-80.0159
500458,2026-04-01,16:09,Love's,TRK-4414,D-114,58.2,3.859,224.61,282056,282057,41.8967,-87.5966,41.8928,-87.5968
500459,2026-04-03,18:02,TA/Petro,TRK-4414,D-114,94.8,4.037,382.72,282701,282706,41.8311,-87.6236,41.8244,-87.6089
500460,2026-04-04,12:51,TA/Petro,TRK-4414,D-114,63.8,4.143,264.3,283132,283145,35.0342,-90.0974,34.4792234117501,-90.58393353396998
500461,2026-04-05,11:01,FleetOne,TRK-4414,D-114,60.5,4.011,242.64,283533,283534,42.3094,-83.0501,42.294,-83.0615
500462,2026-04-06,14:12,Love's,TRK-4414,D-114,76.0,3.954,300.48,284080,284070,41.5899,-93.4981,41.5723,-93.5005
500463,2026-04-08,09:12,Pilot,TRK-4414,D-114,62.9,3.711,233.4,284503,284503,41.6298,-93.5667,41.6348,-93.5754
500464,2026-04-11,21:21,TA/Petro,TRK-4414,D-114,99.6,3.772,375.68,284429,285177,41.8324,-87.66,41.822,-87.6644
500465,2026-04-14,17:48,TA/Petro,TRK-4414,D-114,54.5,3.991,217.5,285560,285558,35.0686,-90.0139,35.073,-90.0174
500466,2026-04-17,21:26,TA/Petro,TRK-4414,D-114,88.6,3.73,330.47,286558,286144,40.3583,-80.0427,40.3574,-80.0366
500467,2026-04-19,06:06,PetroPass,TRK-4414,D-114,43.2,3.954,170.81,286429,286436,40.4091,-79.8947,40.4216,-79.8868
500468,2026-04-21,08:14,FleetOne,TRK-4414,D-114,113.8,4.004,455.66,286849,286847,41.9598,-87.5949,41.9426,-87.5954
500469,2026-04-24,09:53,TA/Petro,TRK-4414,D-114,82.3,3.753,308.85,287413,287401,42.2292,-82.9439,41.774482016090836,-83.44116055860795
500470,2026-04-25,17:09,Pilot,TRK-4414,D-114,63.6,4.031,256.34,287792,287799,35.0666,-89.9872,35.0499,-89.9802
500471,2026-04-27,11:13,TA/Petro,TRK-4414,D-114,140.1,3.926,550.03,288262,288255,41.9945,-87.5307,41.998,-87.531
500472,2026-04-29,12:25,FleetOne,TRK-4414,D-114,63.2,4.119,260.29,288295,288728,39.104,-84.6063,39.1101,-84.6153
500473,2026-05-02,11:27,FleetOne,TRK-4414,D-114,62.0,3.969,246.07,289163,289164,43.5795,-79.6555,43.5762,-79.6521
500474,2026-05-04,20:36,Love's,TRK-4414,D-114,33.6,3.857,129.59,289400,289398,40.4281,-79.9437,40.421,-79.9378
500475,2026-05-06,20:04,PetroPass,TRK-4414,D-114,109.7,4.009,439.79,289748,289748,41.6138,-93.6247,41.6221,-93.6403
500476,2026-05-07,18:33,TA/Petro,TRK-4414,D-114,80.4,3.899,313.44,289807,290267,40.4025,-80.0446,40.3999,-80.0476
500477,2026-05-09,19:58,TA/Petro,TRK-4414,D-114,45.4,4.014,182.22,290593,290604,43.5592,-79.5849,43.567,-79.5976
500478,2026-05-12,11:50,PetroPass,TRK-4414,D-114,73.7,3.81,280.79,291112,291116,41.8405,-87.5558,41.47443048944925,-87.82544350571209
500479,2026-05-14,06:25,FleetOne,TRK-4414,D-114,35.6,3.924,139.71,291369,291359,40.4412,-80.0943,39.91050456132425,-79.88489430128416
500480,2026-05-17,14:21,FleetOne,TRK-4414,D-114,52.9,3.834,202.84,291692,291707,40.3438,-79.9997,40.3355,-79.996
500481,2026-05-19,06:01,TA/Petro,TRK-4414,D-114,78.2,3.949,308.85,292262,292268,32.751,-96.779,32.7525,-96.7681
500482,2026-05-20,13:53,FleetOne,TRK-4414,D-114,65.7,3.961,260.23,292721,292724,35.0476,-89.9599,35.0378,-89.9621
500483,2026-05-23,18:12,TA/Petro,TRK-4414,D-114,79.6,4.133,328.99,292684,293284,35.0761,-90.0024,35.0952,-90.0052
500484,2026-03-07,13:52,FleetOne,TRK-4415,D-115,58.5,3.854,225.47,418714,418722,42.305,-83.011,42.3121,-82.998
500485,2026-03-09,11:33,Pilot,TRK-4415,D-115,98.9,4.022,397.77,419404,419385,35.0999,-89.9745,35.0974,-89.9638
500486,2026-03-10,20:12,TA/Petro,TRK-4415,D-115,63.7,4.106,261.57,419783,419786,43.5932,-79.5982,43.5851,-79.5893
500487,2026-03-11,07:18,Pilot,TRK-4415,D-115,67.3,3.952,265.94,420243,420249,32.7823,-96.7707,32.7904,-96.7727
500488,2026-03-13,10:02,Pilot,TRK-4415,D-115,50.9,3.938,200.42,420603,420601,41.8745,-87.5259,41.8793,-87.5122
500489,2026-03-15,19:53,Pilot,TRK-4415,D-115,70.8,3.745,265.14,421086,421082,41.8838,-87.5793,41.8884,-87.5851
500490,2026-03-18,19:24,FleetOne,TRK-4415,D-115,67.6,3.698,249.97,421508,421519,41.9056,-87.5207,41.898,-87.5207
500491,2026-03-19,21:11,Love's,TRK-4415,D-115,76.0,4.049,307.74,422002,422003,32.6676,-96.7753,32.6614,-96.7964
500492,2026-03-22,18:59,TA/Petro,TRK-4415,D-115,69.6,3.845,267.63,422504,422499,43.5055,-79.655,43.5157,-79.6327
500493,2026-03-23,11:37,PetroPass,TRK-4415,D-115,63.9,3.922,250.6,422892,422893,41.6697,-93.687,41.663,-93.6937
500494,2026-03-25,06:04,Pilot,TRK-4415,D-115,71.6,3.984,285.28,423408,423407,40.4308,-80.0001,40.4319,-80.0105
500495,2026-03-27,10:55,Love's,TRK-4415,D-115,83.7,4.091,342.38,423935,423939,41.5414,-93.63,41.5392,-93.6275
500496,2026-03-30,16:16,Pilot,TRK-4415,D-115,48.2,3.729,179.76,424276,424270,39.05,-84.5197,39.0366,-84.5159
500497,2026-04-02,08:39,Love's,TRK-4415,D-115,74.9,3.833,287.06,424809,424798,35.1442,-89.9699,35.1535,-89.9897
500498,2026-04-04,11:17,Pilot,TRK-4415,D-115,75.9,3.909,296.67,425309,425313,42.3184,-83.0156,42.327,-83.0315
500499,2026-04-07,06:18,TA/Petro,TRK-4415,D-115,64.5,4.0,258.02,425778,425772,41.5907,-93.5576,41.5837,-93.5497
500500,2026-04-08,09:48,Love's,TRK-4415,D-115,119.5,3.999,477.85,426555,426543,42.2562,-83.0049,42.2705,-82.9878
500501,2026-04-11,13:23,Pilot,TRK-4415,D-115,72.3,3.727,269.45,427059,427067,43.6262,-79.5548,43.6311,-79.5495
500502,2026-04-12,09:37,FleetOne,TRK-4415,D-115,45.7,3.837,175.35,427362,427367,40.4436,-79.9446,40.4374,-79.9387
500503,2026-04-14,16:19,TA/Petro,TRK-4415,D-115,62.9,4.246,267.09,427808,427805,35.1191,-90.0497,35.1282,-90.0468
500504,2026-04-17,18:01,PetroPass,TRK-4415,D-115,90.2,4.022,362.79,428380,428368,42.2551,-82.9831,42.2794,-82.982
500505,2026-04-20,11:25,FleetOne,TRK-4415,D-115,80.4,3.835,308.34,428905,428904,41.9494,-87.5404,41.9645,-87.5224
500506,2026-04-21,17:16,Pilot,TRK-4415,D-115,76.1,3.795,288.8,429454,429448,32.7246,-96.8089,32.7243,-96.7981
500507,2026-04-23,21:55,Love's,TRK-4415,D-115,76.5,3.721,284.66,429944,429951,32.658,-96.7989,32.6743,-96.7787
500508,2026-04-24,06:19,Pilot,TRK-4415,D-115,77.2,3.996,308.46,430473,430466,35.1844,-89.9449,35.1738,-89.9369
500509,2026-04-25,06:07,Pilot,TRK-4415,D-115,73.8,3.968,292.85,430967,430963,32.696,-96.8334,32.6841,-96.8191
500510,2026-04-28,20:49,PetroPass,TRK-4415,D-115,78.2,3.826,299.19,431466,431469,42.2998,-82.9566,42.2804,-82.9572
500511,2026-04-30,10:18,FleetOne,TRK-4415,D-115,79.4,3.901,309.77,431976,431962,40.4997,-80.0275,40.5179,-80.0274
500512,2026-05-01,15:27,PetroPass,TRK-4415,D-115,67.5,3.961,267.39,432444,432436,43.6449,-79.6007,43.6417,-79.6032
500513,2026-05-02,16:26,FleetOne,TRK-4415,D-115,62.9,4.179,262.87,432868,432856,41.8374,-87.6132,41.8281,-87.6159
500514,2026-05-05,14:50,FleetOne,TRK-4415,D-115,59.6,3.993,237.99,433288,433278,42.331,-82.9781,42.3428,-82.9958
500515,2026-03-03,14:34,FleetOne,TRK-4416,D-116,73.6,3.712,273.22,279752,279741,41.6015,-93.6543,41.6066,-93.6465
500516,2026-03-05,10:52,Pilot,TRK-4416,D-116,76.8,4.042,310.41,280342,280344,42.2871,-83.0605,42.2965,-83.0725
500517,2026-03-08,09:36,Love's,TRK-4416,D-116,56.8,3.965,225.2,280759,280767,41.9503,-87.4856,41.9352,-87.4825
500518,2026-03-09,07:58,TA/Petro,TRK-4416,D-116,56.5,3.939,222.53,281186,281187,43.6242,-79.6003,43.6109,-79.593
500519,2026-03-10,15:04,FleetOne,TRK-4416,D-116,46.6,4.144,193.13,281514,281522,32.708,-96.81,32.6993,-96.7924
500520,2026-03-13,06:24,PetroPass,TRK-4416,D-116,46.2,4.044,186.82,281828,281835,35.1279,-90.0081,35.1173,-90.0095
500521,2026-03-15,15:33,TA/Petro,TRK-4416,D-116,86.7,4.089,354.49,282450,282448,35.0851,-90.0239,35.0899,-90.0278
500522,2026-03-16,21:36,Pilot,TRK-4416,D-116,77.9,3.802,296.19,282992,282985,41.5734,-93.5992,41.5875,-93.5911
500523,2026-03-17,06:38,FleetOne,TRK-4416,D-116,52.4,3.912,204.98,283380,283377,43.4823,-79.6104,43.4768,-79.6025
500524,2026-03-18,08:33,PetroPass,TRK-4416,D-116,72.8,3.876,282.18,283918,283922,42.2455,-83.0371,42.2462,-83.0466
500525,2026-03-19,13:44,TA/Petro,TRK-4416,D-116,73.4,3.952,290.07,284441,284440,39.0229,-84.531,39.0189,-84.535
500526,2026-03-22,10:31,PetroPass,TRK-4416,D-116,56.2,4.046,227.39,284833,284831,32.7424,-96.808,32.7283,-96.8035
500527,2026-03-25,11:37,TA/Petro,TRK-4416,D-116,59.4,3.943,234.24,285229,285247,42.3083,-82.9821,42.2968,-82.9911
500528,2026-03-27,17:35,Pilot,TRK-4416,D-116,69.6,4.04,281.21,285741,285738,40.3967,-79.9165,40.4139,-79.9066
500529,2026-03-29,19:09,Love's,TRK-4416,D-116,66.5,3.855,256.36,286200,286204,39.0914,-84.4918,39.0938,-84.4869
500530,2026-04-01,16:32,PetroPass,TRK-4416,D-116,80.8,4.017,324.58,286720,286721,32.6613,-96.7745,32.6748,-96.7867
500531,2026-04-03,07:24,PetroPass,TRK-4416,D-116,57.5,4.043,232.48,287164,287170,39.1562,-84.5041,39.1603,-84.5089
500532,2026-04-04,18:52,Love's,TRK-4416,D-116,78.3,3.792,296.9,287687,287695,40.4079,-80.0282,40.4157,-80.0301
500533,2026-04-06,21:54,Love's,TRK-4416,D-116,79.9,4.019,321.13,288256,288259,32.716,-96.8094,32.7089,-96.8065
500534,2026-04-09,06:10,Pilot,TRK-4416,D-116,76.0,3.937,299.2,288803,288796,42.2892,-82.9949,42.2915,-82.9902
500535,2026-04-10,08:44,TA/Petro,TRK-4416,D-116,88.1,3.891,342.83,289426,289406,40.3946,-80.0051,40.395,-80.0004
500536,2026-04-13,19:44,Pilot,TRK-4416,D-116,44.5,4.134,183.98,289747,289734,42.0805,-82.9663,42.0997,-82.9863
500537,2026-04-16,07:22,Pilot,TRK-4416,D-116,58.7,4.017,235.79,290199,290214,41.6575,-93.5818,41.6634,-93.5859
500538,2026-04-17,18:49,PetroPass,TRK-4416,D-116,72.8,3.723,271.02,290802,290795,35.0204,-89.9978,35.0243,-90.0121
500539,2026-04-20,12:47,Love's,TRK-4416,D-116,58.2,3.9,226.99,291258,291260,32.7004,-96.7916,32.7042,-96.7891
500540,2026-04-23,18:04,Love's,TRK-4416,D-116,66.5,3.922,260.82,291729,291731,41.9261,-87.6278,41.93,-87.6275
500541,2026-04-24,19:28,Love's,TRK-4416,D-116,47.0,3.985,187.28,292056,292063,32.7425,-96.8266,32.7614,-96.8304
500542,2026-04-27,19:19,FleetOne,TRK-4416,D-116,91.7,4.04,370.48,292686,292681,39.1906,-84.5176,39.1879,-84.5032
500543,2026-04-29,10:38,TA/Petro,TRK-4416,D-116,59.8,3.673,219.64,293117,293125,32.6861,-96.7428,32.6921,-96.7426
500544,2026-04-30,21:15,TA/Petro,TRK-4416,D-116,72.7,3.83,278.47,293642,293644,40.2434,-79.9809,40.2691,-79.9959
500545,2026-05-03,17:59,Love's,TRK-4416,D-116,81.5,3.973,323.79,294219,294217,43.6399,-79.5992,43.6717,-79.5976
500546,2026-05-04,07:09,PetroPass,TRK-4416,D-116,75.6,3.626,274.15,294804,294801,43.6685,-79.5979,43.6652,-79.6165
500547,2026-05-06,13:22,PetroPass,TRK-4416,D-116,83.9,4.12,345.66,295368,295383,39.1292,-84.4673,39.1344,-84.4586
500548,2026-05-07,17:46,FleetOne,TRK-4416,D-116,66.3,3.999,265.11,295849,295851,40.4574,-80.0436,40.4598,-80.0521
500549,2026-05-08,20:33,Love's,TRK-4416,D-116,99.5,3.861,384.13,296561,296548,43.6964,-79.6174,43.6977,-79.6222
500550,2026-05-11,16:47,Pilot,TRK-4416,D-116,84.1,3.942,331.51,297147,297136,32.8269,-96.7841,32.8281,-96.7824
500551,2026-05-13,19:43,Pilot,TRK-4416,D-116,44.6,3.872,172.71,297472,297478,41.5972,-93.5115,41.6026,-93.5207
500552,2026-05-14,16:39,Pilot,TRK-4416,D-116,65.5,4.119,269.78,297964,297961,32.7196,-96.6864,32.7217,-96.6941
500553,2026-03-05,20:20,FleetOne,TRK-4417,D-117,84.1,3.893,327.44,381230,381227,40.3925,-80.0281,40.3824,-80.0092
500554,2026-03-08,06:04,PetroPass,TRK-4417,D-117,79.1,3.991,315.68,381765,381776,39.0865,-84.4781,39.09,-84.4819
500555,2026-03-09,12:02,Love's,TRK-4417,D-117,46.7,4.095,191.23,382087,382086,42.2804,-83.0269,42.2693,-83.0248
500556,2026-03-10,14:15,Pilot,TRK-4417,D-117,46.5,3.834,178.3,382388,382388,35.0983,-90.0713,35.0924,-90.0741
500557,2026-03-11,16:57,TA/Petro,TRK-4417,D-117,84.1,4.167,350.44,382922,382934,35.0982,-89.9495,35.1089,-89.9431
500558,2026-03-13,06:08,TA/Petro,TRK-4417,D-117,80.8,4.121,332.94,383488,383484,40.4658,-79.94,40.4778,-79.9504
500559,2026-03-16,17:03,Pilot,TRK-4417,D-117,71.2,4.019,286.16,383928,383938,43.6089,-79.4776,43.6106,-79.4774
500560,2026-03-17,19:47,PetroPass,TRK-4417,D-117,66.0,4.124,272.17,384366,384360,42.3566,-83.0181,42.3561,-83.0187
500561,2026-03-19,08:17,Love's,TRK-4417,D-117,101.1,3.915,395.78,385016,385018,39.1853,-84.4001,39.1972,-84.3998
500562,2026-03-21,14:42,TA/Petro,TRK-4417,D-117,78.1,3.958,309.1,385535,385537,42.2836,-83.0081,42.285,-82.9909
500563,2026-03-22,17:38,Pilot,TRK-4417,D-117,85.5,4.194,358.56,386082,386081,41.9287,-87.6077,41.934,-87.6045
500564,2026-03-24,20:04,PetroPass,TRK-4417,D-117,65.9,4.206,277.18,386534,386535,39.2355,-84.5602,39.2229,-84.5698
500565,2026-03-26,08:01,PetroPass,TRK-4417,D-117,74.8,3.846,287.69,387036,387030,43.599,-79.6792,43.5874,-79.6904
500566,2026-03-27,07:03,Love's,TRK-4417,D-117,42.8,4.05,173.32,387337,387345,34.9611,-89.9388,34.9428,-89.9303
500567,2026-03-29,10:50,Love's,TRK-4417,D-117,41.9,3.679,154.14,387608,387620,43.5897,-79.5935,43.5805,-79.5857
500568,2026-03-30,21:33,TA/Petro,TRK-4417,D-117,56.2,3.94,221.42,387975,387974,39.1954,-84.4389,39.1874,-84.4398
500569,2026-04-02,21:03,FleetOne,TRK-4417,D-117,72.2,3.942,284.64,388458,388470,35.1002,-90.0197,35.0945,-90.0253
500570,2026-04-05,09:16,Pilot,TRK-4417,D-117,70.2,3.578,251.19,388927,388931,41.9284,-87.6081,41.9236,-87.6063
500571,2026-04-06,12:46,Love's,TRK-4417,D-117,72.6,3.805,276.25,389435,389433,32.7112,-96.7193,32.7132,-96.7332
500572,2026-04-08,13:30,PetroPass,TRK-4417,D-117,66.9,4.032,269.73,389954,389967,41.8498,-87.6711,41.8479,-87.667
500573,2026-04-10,17:27,Pilot,TRK-4417,D-117,68.1,3.803,258.99,390438,390452,43.5244,-79.5468,43.5228,-79.5477
500574,2026-04-12,11:58,FleetOne,TRK-4417,D-117,73.4,4.025,295.42,390990,390987,41.9045,-87.6322,41.913,-87.6542
500575,2026-04-15,17:37,Love's,TRK-4417,D-117,74.6,3.855,287.56,391501,391502,39.1272,-84.5404,39.1348,-84.519
500576,2026-04-18,13:57,Pilot,TRK-4417,D-117,80.6,4.082,328.97,392049,392052,35.0733,-89.9585,35.0717,-89.9658
500577,2026-04-21,13:44,FleetOne,TRK-4417,D-117,71.5,3.87,276.67,392524,392523,41.5883,-93.5449,41.5831,-93.5536
500578,2026-04-24,09:16,TA/Petro,TRK-4417,D-117,83.5,4.003,334.26,393039,393048,39.1322,-84.464,39.1207,-84.4737
500579,2026-04-26,21:49,Pilot,TRK-4417,D-117,74.7,3.561,266.01,393537,393554,41.5553,-93.4974,41.5408,-93.5055
500580,2026-04-28,06:10,Love's,TRK-4417,D-117,52.5,4.067,213.5,393927,393938,42.3356,-82.9094,42.3287,-82.9072
500581,2026-05-01,11:21,FleetOne,TRK-4417,D-117,80.6,4.099,330.35,394455,394459,32.7499,-96.8022,32.7467,-96.8093
500582,2026-05-03,17:43,TA/Petro,TRK-4417,D-117,71.9,4.317,310.38,394956,394955,40.4653,-80.0361,40.4625,-80.0382
